Frame,Boundary,Phase,Speed,GammaFreq,GammaAmp,MasterFreq,PosX,PosY,PosZ,ThetaBeta,ThetaGamma,ThetaZeta,ThetaPsi,ThetaPhi
110,,0.166667,2.000000,5.500000,50.000000,5.500000,-0.061253,2.894739,6.110761,15.000000,53.301270,-2.500000,8.660254,-24.722432
111,,0.168182,2.000000,5.500000,50.000000,5.500000,-0.063437,2.895444,6.112740,14.998471,54.550326,-2.269952,8.910065,-25.147111
112,,0.169697,2.000000,5.500000,50.000000,5.500000,-0.065622,2.896148,6.114718,14.993883,55.677273,-2.033683,9.135455,-25.530273
113,,0.171212,2.000000,5.500000,50.000000,5.500000,-0.067808,2.896852,6.116695,14.986238,56.679021,-1.791840,9.335804,-25.870867
114,,0.172727,2.000000,5.500000,50.000000,5.500000,-0.069995,2.897555,6.118671,14.975537,57.552826,-1.545085,9.510565,-26.167961
115,,0.174242,2.000000,5.500000,50.000000,5.500000,-0.072183,2.898258,6.120647,14.961782,58.296291,-1.294095,9.659258,-26.420739
116,,0.175758,2.000000,5.500000,50.000000,5.500000,-0.074371,2.898961,6.122621,14.944976,58.907380,-1.039558,9.781476,-26.628509
117,,0.177273,2.000000,5.500000,50.000000,5.500000,-0.076561,2.899663,6.124595,14.925123,59.384417,-0.782172,9.876883,-26.790702
118,,0.178788,2.000000,5.500000,50.000000,5.500000,-0.078752,2.900365,6.126567,14.902226,59.726095,-0.522642,9.945219,-26.906872
119,,0.180303,2.000000,5.500000,50.000000,5.500000,-0.080943,2.901067,6.128539,14.876291,59.931477,-0.261680,9.986295,-26.976702
120,YES,0.000000,2.000000,6.500000,60.000000,6.500000,-0.083136,2.901769,6.130509,0.000000,80.000000,0.000000,19.993293,-44.988263
121,,0.001515,2.000000,6.500000,60.000000,6.500000,-0.085329,2.902470,6.132479,0.481697,69.885163,0.463699,14.967944,-35.944380
122,,0.003030,2.000000,6.500000,60.000000,6.500000,-0.087523,2.903170,6.134448,0.963172,69.541092,0.925623,14.881945,-35.795316
123,,0.004545,2.000000,6.500000,60.000000,6.500000,-0.089719,2.903870,6.136416,1.444206,68.969104,1.384004,14.738980,-35.547511
124,,0.006061,2.000000,6.500000,60.000000,6.500000,-0.091915,2.904570,6.138384,1.924578,68.171389,1.837087,14.539596,-35.201912
125,,0.007576,2.000000,6.500000,60.000000,6.500000,-0.094112,2.905270,6.140350,2.404067,67.150999,2.283138,14.284556,-34.759843
126,,0.009091,2.000000,6.500000,60.000000,6.500000,-0.096310,2.905969,6.142315,2.882454,65.911842,2.720449,13.974835,-34.222996
127,,0.010606,2.000000,6.500000,60.000000,6.500000,-0.098508,2.906668,6.144280,3.359518,64.458660,3.147347,13.611621,-33.593426
128,,0.012121,2.000000,6.500000,60.000000,6.500000,-0.100708,2.907367,6.146244,3.835042,62.797015,3.562197,13.196303,-32.873543
129,,0.013636,2.000000,6.500000,60.000000,6.500000,-0.102909,2.908065,6.148207,4.308808,60.933270,3.963411,12.730471,-32.066102
130,,0.015152,2.000000,6.500000,60.000000,6.500000,-0.105110,2.908763,6.150169,4.780597,58.874557,4.349454,12.215908,-31.174194
212,,0.139394,2.000000,6.500000,60.000000,6.500000,-0.288573,2.964971,6.308031,20.724505,59.848474,-4.173261,12.459332,-31.596130
213,,0.140909,2.000000,6.500000,60.000000,6.500000,-0.290845,2.965645,6.309920,20.532438,61.818136,-3.780029,12.951638,-32.449457
214,,0.142424,2.000000,6.500000,60.000000,6.500000,-0.293118,2.966319,6.311807,20.330955,63.589445,-3.372327,13.394366,-33.216851
215,,0.143939,2.000000,6.500000,60.000000,6.500000,-0.295392,2.966993,6.313694,20.120149,65.155618,-2.951717,13.785822,-33.895373
216,,0.145455,2.000000,6.500000,60.000000,6.500000,-0.297666,2.967666,6.315580,19.900116,66.510662,-2.519807,14.124507,-34.482426
217,,0.146970,2.000000,6.500000,60.000000,6.500000,-0.299941,2.968339,6.317465,19.670957,67.649389,-2.078252,14.409125,-34.975763
218,,0.148485,2.000000,6.500000,60.000000,6.500000,-0.302218,2.969012,6.319348,19.432777,68.567439,-1.628741,14.638586,-35.373495
219,,0.150000,2.000000,6.500000,60.000000,6.500000,-0.304495,2.969685,6.321232,19.185685,69.261300,-1.172996,14.812013,-35.674100
220,,0.151515,2.000000,6.500000,60.000000,6.500000,-0.306772,2.970357,6.323114,18.929795,69.728315,-0.712761,14.928741,-35.876428
221,,0.153030,2.000000,6.500000,60.000000,6.500000,-0.309051,2.971030,6.324995,18.665223,69.966697,-0.249797,14.988323,-35.979703
222,YES,0.000699,2.000000,7.100000,66.000000,7.100000,-0.311330,2.971702,6.326875,0.395169,89.944213,0.373264,19.979351,-44.963864
223,,0.002214,2.000000,7.100000,66.000000,7.100000,-0.313610,2.972374,6.328754,0.751640,75.678212,0.764181,15.420758,-36.762423
224,,0.003730,2.000000,7.100000,66.000000,7.100000,-0.315891,2.973046,6.330633,1.265514,75.088590,1.283198,15.282319,-36.522165
225,,0.005245,2.000000,7.100000,66.000000,7.100000,-0.318173,2.973717,6.332510,1.778769,74.201714,1.796355,15.074087,-36.160783
226,,0.006760,2.000000,7.100000,66.000000,7.100000,-0.320456,2.974388,6.334387,2.291152,73.021634,2.301308,14.797013,-35.679926
227,,0.008275,2.000000,7.100000,66.000000,7.100000,-0.322739,2.975059,6.336263,2.802414,71.553740,2.795751,14.452362,-35.081791
228,,0.009790,2.000000,7.100000,66.000000,7.100000,-0.325024,2.975729,6.338138,3.312304,69.804734,3.277426,14.041709,-34.369110
229,,0.011305,2.000000,7.100000,66.000000,7.100000,-0.327309,2.976400,6.340012,3.820572,67.782605,3.744133,13.566928,-33.545137
230,,0.012821,2.000000,7.100000,66.000000,7.100000,-0.329595,2.977070,6.341885,4.326969,65.496588,4.193741,13.030188,-32.613636
231,,0.014336,2.000000,7.100000,66.000000,7.100000,-0.331881,2.977740,6.343757,4.831247,62.957122,4.624197,12.433940,-31.578859
232,,0.015851,2.000000,7.100000,66.000000,7.100000,-0.334169,2.978410,6.345628,5.333159,60.175806,5.033534,11.780908,-30.445534
305,,0.126457,2.000000,7.100000,66.000000,7.100000,-0.503231,3.026755,6.479837,22.364120,62.864672,-4.638753,12.412233,-31.541188
306,,0.127972,2.000000,7.100000,66.000000,7.100000,-0.505575,3.027410,6.481643,22.218438,65.412723,-4.208997,13.010497,-32.579463
307,,0.129487,2.000000,7.100000,66.000000,7.100000,-0.507920,3.028066,6.483447,22.061876,67.707709,-3.760019,13.549343,-33.514619
308,,0.131002,2.000000,7.100000,66.000000,7.100000,-0.510265,3.028721,6.485251,21.894511,69.739148,-3.293869,14.026310,-34.342386
309,,0.132517,2.000000,7.100000,66.000000,7.100000,-0.512611,3.029377,6.487053,21.716425,71.497764,-2.812677,14.439219,-35.058983
310,,0.134033,2.000000,7.100000,66.000000,7.100000,-0.514957,3.030032,6.488855,21.527706,72.975524,-2.318639,14.786187,-35.661137
311,,0.135548,2.000000,7.100000,66.000000,7.100000,-0.517305,3.030687,6.490656,21.328446,74.165680,-1.814012,15.065627,-36.146100
312,,0.137063,2.000000,7.100000,66.000000,7.100000,-0.519653,3.031341,6.492456,21.118741,75.062797,-1.301101,15.276263,-36.511655
313,,0.138578,2.000000,7.100000,66.000000,7.100000,-0.522002,3.031996,6.494256,20.898696,75.662778,-0.782247,15.417134,-36.756134
314,,0.140093,2.000000,7.100000,66.000000,7.100000,-0.524352,3.032650,6.496054,20.668418,75.962882,-0.259821,15.487596,-36.878420
315,YES,0.000763,2.000000,7.550000,70.500000,7.550000,-0.526702,3.033305,6.497851,0.431344,95.918105,0.436159,19.974254,-44.954945
316,,0.002278,2.000000,7.550000,70.500000,7.550000,-0.529053,3.033960,6.499647,0.824029,80.088587,0.862791,15.902629,-37.630768
317,,0.003794,2.000000,7.550000,70.500000,7.550000,-0.531405,3.034614,6.501443,1.371518,79.361458,1.431578,15.737648,-37.344114
318,,0.005309,2.000000,7.550000,70.500000,7.550000,-0.533758,3.035268,6.503237,1.918291,78.276153,1.992974,15.491400,-36.916258
319,,0.006824,2.000000,7.550000,70.500000,7.550000,-0.536111,3.035922,6.505031,2.464064,76.838275,2.544077,15.165155,-36.349409
320,,0.008339,2.000000,7.550000,70.500000,7.550000,-0.538465,3.036575,6.506823,3.008551,75.055250,3.082043,14.760599,-35.646494
321,,0.009854,2.000000,7.550000,70.500000,7.550000,-0.540820,3.037229,6.508615,3.551468,72.936286,3.604094,14.279820,-34.811142
322,,0.011369,2.000000,7.550000,70.500000,7.550000,-0.543175,3.037882,6.510406,4.092532,70.492325,4.107534,13.725302,-33.847668
323,,0.012885,2.000000,7.550000,70.500000,7.550000,-0.545532,3.038535,6.512196,4.631461,67.735986,4.589763,13.099907,-32.761047
324,,0.014400,2.000000,7.550000,70.500000,7.550000,-0.547889,3.039188,6.513985,5.167974,64.681504,5.048290,12.406866,-31.556890
325,,0.015915,2.000000,7.550000,70.500000,7.550000,-0.550246,3.039841,6.515773,5.701790,61.344652,5.480749,11.649756,-30.241415
392,,0.117430,2.000000,7.550000,70.500000,7.550000,-0.709806,3.083306,6.633547,23.517773,63.347810,-5.228722,12.104259,-31.031113
393,,0.118945,2.000000,7.550000,70.500000,7.550000,-0.712211,3.083952,6.635274,23.402998,66.519953,-4.780595,12.823997,-32.281655
394,,0.120460,2.000000,7.550000,70.500000,7.550000,-0.714616,3.084597,6.637001,23.276012,69.400232,-4.307780,13.477513,-33.417137
395,,0.121975,2.000000,7.550000,70.500000,7.550000,-0.717022,3.085242,6.638726,23.136882,71.973773,-3.812721,14.061432,-34.431694
396,,0.123491,2.000000,7.550000,70.500000,7.550000,-0.719429,3.085887,6.640450,22.985681,74.227287,-3.297973,14.572739,-35.320089
397,,0.125006,2.000000,7.550000,70.500000,7.550000,-0.721837,3.086532,6.642174,22.822487,76.149137,-2.766195,15.008794,-36.077733
398,,0.126521,2.000000,7.550000,70.500000,7.550000,-0.724245,3.087177,6.643896,22.647385,77.729399,-2.220132,15.367345,-36.700714
399,,0.128036,2.000000,7.550000,70.500000,7.550000,-0.726654,3.087822,6.645618,22.460468,78.959912,-1.662605,15.646540,-37.185814
400,,0.129551,2.000000,7.550000,70.500000,7.550000,-0.729063,3.088466,6.647339,22.261831,79.834323,-1.096492,15.844938,-37.530530
401,,0.131066,2.000000,7.550000,70.500000,7.550000,-0.731474,3.089111,6.649059,22.051580,80.348115,-0.524717,15.961514,-37.733080
402,YES,0.000131,2.000000,7.955000,74.550000,7.955000,-0.733885,3.089756,6.650778,0.074126,100.497197,0.078682,19.992674,-44.987179
403,,0.001646,2.000000,7.955000,74.550000,7.955000,-0.736296,3.090401,6.652495,0.633240,84.297743,0.677929,16.439824,-38.595284
404,,0.003161,2.000000,7.955000,74.550000,7.955000,-0.738709,3.091045,6.654212,1.215670,83.621176,1.297897,16.290120,-38.334890
405,,0.004677,2.000000,7.955000,74.550000,7.955000,-0.741122,3.091690,6.655928,1.797425,82.522575,1.910424,16.047033,-37.912067
406,,0.006192,2.000000,7.955000,74.550000,7.955000,-0.743535,3.092334,6.657643,2.378183,81.008238,2.512000,15.711957,-37.329238
407,,0.007707,2.000000,7.955000,74.550000,7.955000,-0.745950,3.092979,6.659357,2.957621,79.086846,3.099176,15.286811,-36.589744
408,,0.009222,2.000000,7.955000,74.550000,7.955000,-0.748365,3.093623,6.661071,3.535418,76.769412,3.668586,14.774034,-35.697823
409,,0.010737,2.000000,7.955000,74.550000,7.955000,-0.750781,3.094267,6.662783,4.111254,74.069223,4.216965,14.176564,-34.658590
410,,0.012252,2.000000,7.955000,74.550000,7.955000,-0.753197,3.094911,6.664494,4.684808,71.001756,4.741171,13.497827,-33.478001
411,,0.013768,2.000000,7.955000,74.550000,7.955000,-0.755614,3.095555,6.666205,5.255763,67.584596,5.238198,12.741714,-32.162825
412,,0.015283,2.000000,7.955000,74.550000,7.955000,-0.758032,3.096198,6.667915,5.823802,63.837332,5.705197,11.912559,-30.720599
475,,0.110737,2.000000,7.955000,74.550000,7.955000,-0.911645,3.136645,6.773801,24.462613,64.637005,-5.611374,12.089502,-31.028373
476,,0.112252,2.000000,7.955000,74.550000,7.955000,-0.914103,3.137285,6.775452,24.368268,68.317815,-5.137951,12.903953,-32.445022
477,,0.113768,2.000000,7.955000,74.550000,7.955000,-0.916563,3.137926,6.777102,24.260402,71.664318,-4.635073,13.644432,-33.733004
478,,0.115283,2.000000,7.955000,74.550000,7.955000,-0.919023,3.138567,6.778752,24.139075,74.657330,-4.105626,14.306694,-34.884937
479,,0.116798,2.000000,7.955000,74.550000,7.955000,-0.921483,3.139208,6.780401,24.004354,77.279693,-3.552642,14.886943,-35.894217
480,,0.118313,2.000000,7.955000,74.550000,7.955000,-0.923944,3.139848,6.782048,23.856315,79.516374,-2.979294,15.381853,-36.755058
481,,0.119828,2.000000,7.955000,74.550000,7.955000,-0.926406,3.140489,6.783695,23.695040,81.354553,-2.388866,15.788585,-37.462526
482,,0.121343,2.000000,7.955000,74.550000,7.955000,-0.928868,3.141129,6.785341,23.520617,82.783690,-1.784744,16.104810,-38.012564
483,,0.122858,2.000000,7.955000,74.550000,7.955000,-0.931332,3.141770,6.786986,23.333144,83.795595,-1.170391,16.328714,-38.402020
484,,0.124374,2.000000,7.955000,74.550000,7.955000,-0.933795,3.142410,6.788630,23.132724,84.384466,-0.549329,16.459013,-38.628661
485,YES,0.000182,2.000000,8.360000,78.600000,8.360000,-0.936260,3.143050,6.790273,0.102649,104.543897,0.113577,19.992003,-44.986004
486,,0.001697,2.000000,8.360000,78.600000,8.360000,-0.938725,3.143691,6.791915,0.692782,88.288013,0.756380,16.927846,-39.474325
487,,0.003212,2.000000,8.360000,78.600000,8.360000,-0.941190,3.144332,6.793556,1.310984,87.483981,1.426893,16.753994,-39.171619
488,,0.004727,2.000000,8.360000,78.600000,8.360000,-0.943657,3.144973,6.795196,1.928413,86.189418,2.088373,16.474076,-38.684234
489,,0.006242,2.000000,8.360000,78.600000,8.360000,-0.946123,3.145613,6.796835,2.544706,84.412519,2.736632,16.089866,-38.015257
490,,0.007757,2.000000,8.360000,78.600000,8.360000,-0.948591,3.146254,6.798473,3.159501,82.164532,3.367566,15.603794,-37.168922
491,,0.009273,2.000000,8.360000,78.600000,8.360000,-0.951059,3.146895,6.800110,3.772435,79.459690,3.977180,15.018939,-36.150587
492,,0.010788,2.000000,8.360000,78.600000,8.360000,-0.953528,3.147535,6.801747,4.383147,76.315117,4.561617,14.339003,-34.966700
493,,0.012303,2.000000,8.360000,78.600000,8.360000,-0.955997,3.148175,6.803382,4.991278,72.750718,5.117175,13.568290,-33.624754
494,,0.013818,2.000000,8.360000,78.600000,8.360000,-0.958467,3.148816,6.805017,5.596469,68.789061,5.640337,12.711680,-32.133247
495,,0.015333,2.000000,8.360000,78.600000,8.360000,-0.960938,3.149456,6.806651,6.198364,64.455224,6.127791,11.774595,-30.501619
554,,0.104727,2.000000,8.360000,78.600000,8.360000,-1.107761,3.187233,6.901412,25.348003,65.759382,-5.989138,12.056587,-30.992616
555,,0.106242,2.000000,8.360000,78.600000,8.360000,-1.110268,3.187873,6.902990,25.274661,69.987129,-5.490913,12.970732,-32.584302
556,,0.107757,2.000000,8.360000,78.600000,8.360000,-1.112775,3.188514,6.904567,25.186434,73.835112,-4.957926,13.802763,-34.033013
557,,0.109273,2.000000,8.360000,78.600000,8.360000,-1.115282,3.189155,6.906143,25.083372,77.278971,-4.393552,14.547413,-35.329577
558,,0.110788,2.000000,8.360000,78.600000,8.360000,-1.117790,3.189796,6.907718,24.965537,80.296903,-3.801363,15.199966,-36.465786
559,,0.112303,2.000000,8.360000,78.600000,8.360000,-1.120299,3.190436,6.909292,24.832998,82.869804,-3.185108,15.756292,-37.434446
560,,0.113818,2.000000,8.360000,78.600000,8.360000,-1.122809,3.191076,6.910866,24.685833,84.981383,-2.548690,16.212869,-38.229426
561,,0.115333,2.000000,8.360000,78.600000,8.360000,-1.125319,3.191717,6.912438,24.524129,86.618275,-1.896136,16.566806,-38.845693
562,,0.116848,2.000000,8.360000,78.600000,8.360000,-1.127830,3.192357,6.914009,24.347981,87.770115,-1.231579,16.815863,-39.279344
563,,0.118363,2.000000,8.360000,78.600000,8.360000,-1.130341,3.192997,6.915579,24.157493,88.429612,-0.559224,16.958463,-39.527635
564,YES,0.000261,2.000000,8.785250,82.852500,8.785250,-1.132853,3.193638,6.917149,0.147713,108.585728,0.170083,19.990399,-44.983198
565,,0.001777,2.000000,8.785250,82.852500,8.785250,-1.135365,3.194279,6.918717,0.768603,92.454442,0.856439,17.410917,-40.344705
566,,0.003292,2.000000,8.785250,82.852500,8.785250,-1.137878,3.194920,6.920284,1.423623,91.488586,1.580681,17.206968,-39.989252
567,,0.004807,2.000000,8.785250,82.852500,8.785250,-1.140392,3.195562,6.921851,2.077754,89.953059,2.293873,16.882729,-39.424151
568,,0.006322,2.000000,8.785250,82.852500,8.785250,-1.142906,3.196203,6.923416,2.730588,87.858596,2.991029,16.440467,-38.653351
569,,0.007837,2.000000,8.785250,82.852500,8.785250,-1.145421,3.196844,6.924981,3.381718,85.219839,3.667275,15.883272,-37.682242
570,,0.009352,2.000000,8.785250,82.852500,8.785250,-1.147936,3.197485,6.926545,4.030738,82.055235,4.317884,15.215041,-36.517611
571,,0.010867,2.000000,8.785250,82.852500,8.785250,-1.150452,3.198127,6.928107,4.677242,78.386908,4.938308,14.440444,-35.167601
572,,0.012383,2.000000,8.785250,82.852500,8.785250,-1.152968,3.198768,6.929669,5.320827,74.240501,5.524209,13.564897,-33.641650
573,,0.013898,2.000000,8.785250,82.852500,8.785250,-1.155485,3.199409,6.931230,5.961091,69.645002,6.071491,12.594520,-31.950424
574,,0.015413,2.000000,8.785250,82.852500,8.785250,-1.158003,3.200050,6.932790,6.597635,64.632536,6.576329,11.536098,-30.105747
629,,0.098746,2.000000,8.785250,82.852500,8.785250,-1.297329,3.235373,7.017154,26.199246,65.764770,-6.469527,11.775178,-30.522430
630,,0.100261,2.000000,8.785250,82.852500,8.785250,-1.299878,3.236017,7.018661,26.153468,70.688773,-5.955077,12.814921,-32.334550
631,,0.101777,2.000000,8.785250,82.852500,8.785250,-1.302427,3.236661,7.020167,26.091367,75.188513,-5.398996,13.765077,-33.990535
632,,0.103292,2.000000,8.785250,82.852500,8.785250,-1.304978,3.237305,7.021672,26.012982,79.232533,-4.805171,14.619004,-35.478806
633,,0.104807,2.000000,8.785250,82.852500,8.785250,-1.307529,3.237949,7.023176,25.918363,82.792562,-4.177754,15.370733,-36.788960
634,,0.106322,2.000000,8.785250,82.852500,8.785250,-1.310080,3.238592,7.024679,25.807567,85.843712,-3.521132,16.015008,-37.911838
635,,0.107837,2.000000,8.785250,82.852500,8.785250,-1.312632,3.239236,7.026181,25.680666,88.364655,-2.839894,16.547325,-38.839590
636,,0.109352,2.000000,8.785250,82.852500,8.785250,-1.315185,3.239879,7.027682,25.537736,90.337765,-2.138803,16.963963,-39.565730
637,,0.110867,2.000000,8.785250,82.852500,8.785250,-1.317738,3.240523,7.029182,25.378869,91.749251,-1.422760,17.262010,-40.085182
638,,0.112383,2.000000,8.785250,82.852500,8.785250,-1.320291,3.241167,7.030681,25.204162,92.589243,-0.696771,17.439381,-40.394314
639,YES,0.000071,2.000000,9.240875,87.408750,9.240875,-1.322845,3.241811,7.032179,0.039897,112.851323,0.047826,19.993064,-44.987862
640,,0.001586,2.000000,9.240875,87.408750,9.240875,-1.325400,3.242456,7.033676,0.725824,97.038518,0.827232,17.918416,-41.257651
641,,0.003101,2.000000,9.240875,87.408750,9.240875,-1.327955,3.243100,7.035172,1.418850,95.995842,1.611185,17.703762,-40.883201
642,,0.004616,2.000000,9.240875,87.408750,9.240875,-1.330511,3.243745,7.036667,2.110939,94.288054,2.382676,17.352184,-40.269892
643,,0.006131,2.000000,9.240875,87.408750,9.240875,-1.333067,3.244390,7.038162,2.801634,91.928362,3.135739,16.866400,-39.422469
644,,0.007646,2.000000,9.240875,87.408750,9.240875,-1.335624,3.245035,7.039655,3.490480,88.935015,3.864549,16.250166,-38.347486
645,,0.009162,2.000000,9.240875,87.408750,9.240875,-1.338181,3.245680,7.041147,4.177021,85.331165,4.563470,15.508250,-37.053255
646,,0.010677,2.000000,9.240875,87.408750,9.240875,-1.340739,3.246325,7.042639,4.860804,81.144686,5.227096,14.646390,-35.549789
647,,0.012192,2.000000,9.240875,87.408750,9.240875,-1.343297,3.246970,7.044129,5.541377,76.407956,5.850295,13.671250,-33.848714
648,,0.013707,2.000000,9.240875,87.408750,9.240875,-1.345856,3.247615,7.045619,6.218292,71.157611,6.428245,12.590374,-31.963187
649,,0.015222,2.000000,9.240875,87.408750,9.240875,-1.348415,3.248260,7.047107,6.891101,65.434258,6.956478,11.412121,-29.907792
701,,0.094010,2.000000,9.240875,87.408750,9.240875,-1.482231,3.281896,7.123209,26.984454,69.326915,-6.607523,12.213493,-31.305740
702,,0.095525,2.000000,9.240875,87.408750,9.240875,-1.484818,3.282545,7.124646,26.959201,74.737363,-6.045436,13.327329,-33.248763
703,,0.097040,2.000000,9.240875,87.408750,9.240875,-1.487407,3.283194,7.126082,26.916148,79.647117,-5.436591,14.338089,-35.011975
704,,0.098555,2.000000,9.240875,87.408750,9.240875,-1.489996,3.283843,7.127517,26.855322,84.018202,-4.785698,15.237954,-36.581738
705,,0.100071,2.000000,9.240875,87.408750,9.240875,-1.492585,3.284492,7.128951,26.776766,87.816813,-4.097792,16.019965,-37.945912
706,,0.101586,2.000000,9.240875,87.408750,9.240875,-1.495175,3.285141,7.130384,26.680529,91.013569,-3.378192,16.678073,-39.093945
707,,0.103101,2.000000,9.240875,87.408750,9.240875,-1.497765,3.285790,7.131817,26.566677,93.583746,-2.632465,17.207190,-40.016958
708,,0.104616,2.000000,9.240875,87.408750,9.240875,-1.500356,3.286439,7.133248,26.435283,95.507466,-1.866377,17.603222,-40.707813
709,,0.106131,2.000000,9.240875,87.408750,9.240875,-1.502947,3.287089,7.134678,26.286436,96.769851,-1.085855,17.863106,-41.161166
710,,0.107646,2.000000,9.240875,87.408750,9.240875,-1.505539,3.287739,7.136107,26.120232,97.361136,-0.296934,17.984832,-41.373511
711,YES,0.000947,2.000000,9.610668,92.329500,9.610668,-1.508132,3.288388,7.137536,0.534930,117.179090,0.653372,19.950544,-44.913451
712,,0.002462,2.000000,9.610668,92.329500,9.610668,-1.510725,3.289038,7.138963,1.190029,101.311183,1.369599,18.290322,-41.933891
713,,0.003977,2.000000,9.610668,92.329500,9.610668,-1.513318,3.289688,7.140389,1.921501,99.679842,2.199425,17.963553,-41.363369
714,,0.005492,2.000000,9.610668,92.329500,9.610668,-1.515912,3.290339,7.141814,2.651632,97.298312,3.010852,17.486514,-40.530486
715,,0.007007,2.000000,9.610668,92.329500,9.610668,-1.518507,3.290989,7.143238,3.379914,94.186515,3.797093,16.863197,-39.442210
716,,0.008522,2.000000,9.610668,92.329500,9.610668,-1.521102,3.291640,7.144661,4.105839,90.370481,4.551571,16.098817,-38.107644
717,,0.010038,2.000000,9.610668,92.329500,9.610668,-1.523697,3.292291,7.146083,4.828900,85.882133,5.267974,15.199767,-36.537952
718,,0.011553,2.000000,9.610668,92.329500,9.610668,-1.526293,3.292942,7.147505,5.548594,80.759015,5.940309,14.173567,-34.746265
719,,0.013068,2.000000,9.610668,92.329500,9.610668,-1.528890,3.293592,7.148925,6.264417,75.043985,6.562952,13.028803,-32.747570
720,,0.014583,2.000000,9.610668,92.329500,9.610668,-1.531487,3.294243,7.150345,6.975872,68.784849,7.130695,11.775051,-30.558588
721,,0.016098,2.000000,9.610668,92.329500,9.610668,-1.534084,3.294894,7.151763,7.682461,62.033966,7.638789,10.422798,-28.197629
770,,0.090341,2.000000,9.610668,92.329500,9.610668,-1.661968,3.326904,7.220089,27.741240,72.452936,-6.810728,12.509797,-31.841413
771,,0.091856,2.000000,9.610668,92.329500,9.610668,-1.664590,3.327560,7.221457,27.728722,78.404838,-6.210758,13.702008,-33.922948
772,,0.093371,2.000000,9.610668,92.329500,9.610668,-1.667214,3.328215,7.222825,27.696865,83.784521,-5.558834,14.779599,-35.804363
773,,0.094886,2.000000,9.610668,92.329500,9.610668,-1.669838,3.328871,7.224191,27.645691,88.546981,-4.860409,15.733556,-37.469919
774,,0.096401,2.000000,9.610668,92.329500,9.610668,-1.672462,3.329527,7.225557,27.575236,92.652381,-4.121326,16.555899,-38.905684
775,,0.097916,2.000000,9.610668,92.329500,9.610668,-1.675087,3.330183,7.226922,27.485549,96.066378,-3.347767,17.239748,-40.099647
776,,0.099431,2.000000,9.610668,92.329500,9.610668,-1.677712,3.330840,7.228286,27.376693,98.760413,-2.546203,17.779384,-41.041821
777,,0.100947,2.000000,9.610668,92.329500,9.610668,-1.680338,3.331496,7.229648,27.248743,100.711949,-1.723340,18.170291,-41.724324
778,,0.102462,2.000000,9.610668,92.329500,9.610668,-1.682964,3.332153,7.231010,27.101789,101.904663,-0.886061,18.409201,-42.141447
779,,0.103977,2.000000,9.610668,92.329500,9.610668,-1.685591,3.332810,7.232371,26.935934,102.328576,-0.041370,18.494114,-42.289700
780,YES,0.001441,2.000000,9.885484,97.660312,9.885484,-1.688218,3.333466,7.233731,0.814256,121.773179,0.993680,19.894275,-44.814981
781,,0.002956,2.000000,9.885484,97.660312,9.885484,-1.690846,3.334123,7.235089,1.507048,106.018607,1.734029,18.674668,-42.631510
782,,0.004471,2.000000,9.885484,97.660312,9.885484,-1.693475,3.334779,7.236447,2.278086,103.918078,2.603792,18.266136,-41.917654
783,,0.005987,2.000000,9.885484,97.660312,9.885484,-1.696104,3.335437,7.237803,3.047448,100.986366,3.450511,17.695947,-40.921325
784,,0.007502,2.000000,9.885484,97.660312,9.885484,-1.698733,3.336094,7.239158,3.814569,97.249418,4.266693,16.969148,-39.651339
785,,0.009017,2.000000,9.885484,97.660312,9.885484,-1.701363,3.336752,7.240513,4.578883,92.740306,5.045114,16.092170,-38.118937
786,,0.010532,2.000000,9.885484,97.660312,9.885484,-1.703993,3.337410,7.241866,5.339829,87.498936,5.778886,15.072776,-36.337679
787,,0.012047,2.000000,9.885484,97.660312,9.885484,-1.706623,3.338068,7.243219,6.096847,81.571694,6.461514,13.919986,-34.323332
788,,0.013562,2.000000,9.885484,97.660312,9.885484,-1.709255,3.338726,7.244571,6.849380,75.011036,7.086957,12.644003,-32.093721
789,,0.015077,2.000000,9.885484,97.660312,9.885484,-1.711886,3.339384,7.245921,7.596874,67.875026,7.649680,11.256119,-29.668578
790,,0.016593,2.000000,9.885484,97.660312,9.885484,-1.714518,3.340042,7.247271,8.338780,60.226817,8.144703,9.768619,-27.069368
836,,0.086290,2.000000,9.885484,97.660312,9.885484,-1.836102,3.370438,7.308294,28.481247,68.889103,-7.576138,11.453347,-30.013208
837,,0.087805,2.000000,9.885484,97.660312,9.885484,-1.838756,3.371102,7.309595,28.490930,75.949560,-7.004474,12.826536,-32.412674
838,,0.089320,2.000000,9.885484,97.660312,9.885484,-1.841412,3.371766,7.310896,28.479655,82.426359,-6.370819,14.086210,-34.613786
839,,0.090835,2.000000,9.885484,97.660312,9.885484,-1.844068,3.372429,7.312195,28.447430,88.262178,-5.680783,15.221219,-36.597064
840,,0.092350,2.000000,9.885484,97.660312,9.885484,-1.846724,3.373093,7.313494,28.394278,93.405371,-4.940470,16.221519,-38.344956
841,,0.093865,2.000000,9.885484,97.660312,9.885484,-1.849381,3.373757,7.314791,28.320238,97.810419,-4.156435,17.078257,-39.841993
842,,0.095380,2.000000,9.885484,97.660312,9.885484,-1.852038,3.374421,7.316088,28.225364,101.438339,-3.335614,17.783851,-41.074926
843,,0.096896,2.000000,9.885484,97.660312,9.885484,-1.854695,3.375086,7.317383,28.109728,104.257022,-2.485273,18.332057,-42.032843
844,,0.098411,2.000000,9.885484,97.660312,9.885484,-1.857353,3.375750,7.318678,27.973413,106.241523,-1.612937,18.718023,-42.707267
845,,0.099926,2.000000,9.885484,97.660312,9.885484,-1.860012,3.376415,7.319971,27.816520,107.374279,-0.726327,18.938333,-43.092229
846,YES,0.000283,2.000000,10.160299,103.442194,10.160299,-1.862671,3.377079,7.321264,0.159718,127.637879,0.195200,19.989481,-44.981592
847,,0.001798,2.000000,10.160299,103.442194,10.160299,-1.865331,3.377744,7.322555,0.965621,112.761676,1.116177,19.365385,-43.864588
848,,0.003313,2.000000,10.160299,103.442194,10.160299,-1.867991,3.378408,7.323846,1.778659,111.137318,2.046067,19.059276,-43.329290
849,,0.004828,2.000000,10.160299,103.442194,10.160299,-1.870651,3.379073,7.325135,2.590320,108.567469,2.956828,18.574989,-42.482409
850,,0.006343,2.000000,10.160299,103.442194,10.160299,-1.873312,3.379738,7.326423,3.399973,105.076153,3.839947,17.917052,-41.331863
851,,0.007858,2.000000,10.160299,103.442194,10.160299,-1.875974,3.380403,7.327710,4.206991,100.696008,4.687169,17.091616,-39.888409
852,,0.009374,2.000000,10.160299,103.442194,10.160299,-1.878636,3.381069,7.328996,5.010750,95.467984,5.490571,16.106398,-38.165540
853,,0.010889,2.000000,10.160299,103.442194,10.160299,-1.881298,3.381735,7.330281,5.810626,89.440954,6.242645,14.970607,-36.179363
854,,0.012404,2.000000,10.160299,103.442194,10.160299,-1.883961,3.382401,7.331565,6.606000,82.671263,6.936359,13.694862,-33.948446
855,,0.013919,2.000000,10.160299,103.442194,10.160299,-1.886624,3.383067,7.332848,7.396256,75.222198,7.565227,12.291090,-31.493644
856,,0.015434,2.000000,10.160299,103.442194,10.160299,-1.889288,3.383733,7.334130,8.180780,67.163397,8.123372,10.772413,-28.837907
901,,0.083616,2.000000,10.160299,103.442194,10.160299,-2.009615,3.413836,7.390786,29.222964,70.571916,-7.901030,11.414747,-29.961167
902,,0.085131,2.000000,10.160299,103.442194,10.160299,-2.012300,3.414507,7.392020,29.239778,78.386897,-7.312908,12.887476,-32.536555
903,,0.086646,2.000000,10.160299,103.442194,10.160299,-2.014985,3.415179,7.393252,29.233936,85.562557,-6.656421,14.239725,-34.901257
904,,0.088161,2.000000,10.160299,103.442194,10.160299,-2.017671,3.415851,7.394484,29.205443,92.031812,-5.937706,15.458853,-37.033167
905,,0.089677,2.000000,10.160299,103.442194,10.160299,-2.020358,3.416523,7.395715,29.154319,97.734186,-5.163482,16.533462,-38.912356
906,,0.091192,2.000000,10.160299,103.442194,10.160299,-2.023044,3.417196,7.396944,29.080606,102.616369,-4.340986,17.453507,-40.521254
907,,0.092707,2.000000,10.160299,103.442194,10.160299,-2.025731,3.417869,7.398173,28.984360,106.632719,-3.477908,18.210386,-41.844822
908,,0.094222,2.000000,10.160299,103.442194,10.160299,-2.028419,3.418542,7.399401,28.865656,109.745690,-2.582316,18.797024,-42.870685
909,,0.095737,2.000000,10.160299,103.442194,10.160299,-2.031107,3.419215,7.400627,28.724586,111.926178,-1.662584,19.207936,-43.589254
910,,0.097252,2.000000,10.160299,103.442194,10.160299,-2.033795,3.419888,7.401853,28.561259,113.153800,-0.727309,19.439281,-43.993811
911,YES,0.000345,2.000000,10.435115,109.716150,10.435115,-2.036484,3.420561,7.403078,0.195065,133.407089,0.238392,19.987607,-44.978313
912,,0.001860,2.000000,10.435115,109.716150,10.435115,-2.039174,3.421234,7.404301,1.051074,118.900997,1.216313,19.844750,-44.728312
913,,0.003375,2.000000,10.435115,109.716150,10.435115,-2.041863,3.421906,7.405524,1.906227,117.040099,2.194405,19.505643,-44.134875
914,,0.004891,2.000000,10.435115,109.716150,10.435115,-2.044554,3.422580,7.406745,2.759826,114.123708,3.150858,18.974197,-43.204844
915,,0.006406,2.000000,10.435115,109.716150,10.435115,-2.047245,3.423253,7.407965,3.611176,110.180580,4.076242,18.255650,-41.947388
916,,0.007921,2.000000,10.435115,109.716150,10.435115,-2.049936,3.423926,7.409184,4.459582,105.249599,4.961431,17.357090,-40.374908
917,,0.009436,2.000000,10.435115,109.716150,10.435115,-2.052628,3.424600,7.410402,5.304354,99.379386,5.797696,16.287377,-38.502909
918,,0.010951,2.000000,10.435115,109.716150,10.435115,-2.055320,3.425274,7.411618,6.144802,92.627828,6.576792,15.057058,-36.349851
919,,0.012466,2.000000,10.435115,109.716150,10.435115,-2.058013,3.425949,7.412834,6.980241,85.061499,7.291036,13.678265,-33.936963
920,,0.013982,2.000000,10.435115,109.716150,10.435115,-2.060706,3.426624,7.414049,7.809992,76.755009,7.933385,12.164594,-31.288040
921,,0.015497,2.000000,10.435115,109.716150,10.435115,-2.063399,3.427298,7.415262,8.633376,67.790265,8.497505,10.530972,-28.429201
